Roll No.,Name,Gender,Branch,Course,Sem 1,Sem 2,Sem 3,Sem 4,Sem 5,Sem 6,CGPA
71762231001,Rajesh Vidyarthi,Male,MSc,Software Systems,7.35,8.28,7.03,8.12,8.23,8.2,7.868333333
71762231002,Deepika Mahendra,Female,MSc,Software Systems,7.15,7.61,6.55,8.15,8.08,8.0,7.59
71762231003,Kareena Dhore,Female,MSc,Software Systems,6.42,6.0,6.41,7.85,7.83,8.0,7.085
71762231004,Venketeshwar Sahu,Female,MSc,Software Systems,7.15,7.98,7.46,8.29,8.17,8.3,7.891666667
71762231005,Juhi Chandrakar,Female,MSc,Software Systems,7.91,7.55,7.75,8.25,8.38,8.3,8.023333333
71762231006,Roshani Sahu,Female,MSc,Software Systems,6.75,7.43,0.0,7.97,8.09,8.0,6.373333333
71762231007,Sanjana Agrawal,Female,MSc,Software Systems,7.38,8.25,7.1,6.059259993598291,8.18,8.1,7.802
71762231008,Avinash Vishwakarma,Male,MSc,Software Systems,6.75,7.97,7.71,8.48,0.0,8.2,6.518333333
71762231009,Tripti Lata Shorey,Female,MSc,Software Systems,6.4,6.31,0.0,7.43,7.77,7.8,5.951666667
71762231010,Manju ,Female,MSc,Software Systems,8.08,7.83,7.75,8.18,8.1,8.3,8.04
71762231011,Yogesh Singh Thakur,Male,MSc,Software Systems,0.0,5.97,5.95,7.65,7.71,7.7,5.83
71762231012,Anupama Minj,Female,MSc,Software Systems,7.22,7.46,6.73,8.09,8.2,8.2,7.65
71762231013,Chhamman Lal Sahu,Female,MSc,Software Systems,7.06,8.07,7.55,0.0,8.14,8.4,6.536666667
71762231014,Ashutosh Dubey,Male,MSc,Software Systems,5.92,5.57,5.58,7.22,7.5,7.6,6.565
71762231015,Rishabh Shrivastava,Female,MSc,Software Systems,6.5,6.8,5.6,7.5,7.7,7.9,7.0
71762231016,Tej Narayan Sahu,Female,MSc,Software Systems,7.25,8.13,7.06,8.33,8.17,0.0,6.49
71762231017,Shubhangi Deep,Female,MSc,Software Systems,6.92,5.9,5.59,7.83,7.78,7.8,6.97
71762231018,Muskan Agrawal,Female,MSc,Software Systems,6.65,7.13,5.84,7.97,7.89,8.0,7.246666667
71762231019,Chandrika Paikra,Female,MSc,Software Systems,5.95,5.38,5.46,7.39,7.41,7.7,6.548333333
71762231020,Vidya Raj,Female,MSc,Software Systems,5.96,5.87,5.49,7.44,7.66,7.5,6.653333333
71762231021,Sanjana Agrawal,Female,MSc,Software Systems,7.38,8.25,7.1,6.059259993598291,8.18,8.1,7.802
71762231022,Vidya Raj,Female,MSc,Software Systems,5.96,5.87,5.49,7.44,7.66,7.5,6.653333333
71762231023,Rishabh Shrivastava,Female,MSc,Software Systems,6.5,6.8,5.6,7.5,7.7,7.9,7.0
71762231024,Yogesh Singh Thakur,Male,MSc,Software Systems,5.72,5.97,5.95,7.65,7.71,7.7,6.783333333
71762231025,Avinash Vishwakarma,Male,MSc,Software Systems,6.75,7.97,7.71,8.48,8.2,8.2,7.885
71762231026,Sanjana Agrawal,Female,MSc,Software Systems,7.38,8.25,7.1,6.059259993598291,8.18,8.1,7.802
71762231027,Chandrika Paikra,Female,MSc,Software Systems,5.95,5.38,5.46,7.39,7.41,7.7,6.548333333
71762231028,Yogesh Singh Thakur,Male,MSc,Software Systems,5.72,5.97,5.95,7.65,7.71,7.7,6.783333333
71762231029,Yogesh Singh Thakur,Male,MSc,Software Systems,5.72,0.0,5.95,7.65,7.71,7.7,5.933306534832636
71762231030,Venketeshwar Sahu,Female,MSc,Software Systems,7.15,7.98,7.46,8.29,8.17,8.3,7.891666667
71762231031,Avinash Vishwakarma,Male,MSc,Software Systems,6.75,7.97,7.71,8.48,8.2,8.2,7.885
71762231032,Kareena Dhore,Female,MSc,Software Systems,6.42,6.0,6.41,7.85,7.83,8.0,7.085
71762231033,Deepika Mahendra,Female,MSc,Software Systems,7.15,7.61,6.55,0.0,8.08,8.0,6.231666667
71762231034,Anupama Minj,Female,MSc,Software Systems,7.22,7.46,6.73,8.09,8.2,8.2,7.65
71762231035,Roshani Sahu,Female,MSc,Software Systems,6.75,7.43,6.08,7.97,8.09,8.0,7.386666667
71762231036,Deepika Mahendra,Female,MSc,Software Systems,7.15,7.61,6.55,8.15,8.08,8.0,7.59
71762231037,Rajesh Vidyarthi,Male,MSc,Software Systems,7.35,8.28,7.03,8.12,8.23,8.2,7.868333333
71762231038,Anupama Minj,Female,MSc,Software Systems,7.22,7.46,0.0,8.09,8.2,8.2,6.528333333
71762231039,Anupama Minj,Female,MSc,Software Systems,7.22,7.46,6.73,8.09,8.2,8.2,7.65
71762231040,Shubhangi Deep,Female,MSc,Software Systems,6.92,5.9,5.59,7.83,7.78,7.8,6.97
71762231041,Manju ,Female,MSc,Software Systems,8.08,7.83,7.75,8.18,8.1,8.3,8.04
71762231042,Tej Narayan Sahu,Female,MSc,Software Systems,7.25,8.13,7.06,8.33,8.17,8.2,7.856666667
71762231043,Rishabh Shrivastava,Female,MSc,Software Systems,6.5,6.8,5.6,7.5,7.7,7.9,7.0
71762231044,Rishabh Shrivastava,Female,MSc,Software Systems,6.5,6.8,5.6,7.5,7.7,7.9,7.0
71762231045,Chandrika Paikra,Female,MSc,Software Systems,5.95,5.38,0.0,7.39,7.41,7.7,5.638333333
71762231046,Anupama Minj,Female,MSc,Software Systems,7.22,7.46,6.73,8.09,8.2,8.2,7.65
71762231047,Vidya Raj,Female,MSc,Software Systems,5.96,5.87,5.49,7.44,7.66,7.5,6.653333333
71762231048,Kareena Dhore,Female,MSc,Software Systems,6.42,6.0,6.41,7.85,7.83,8.0,7.085
71762231049,Juhi Chandrakar,Female,MSc,Software Systems,7.91,7.55,7.75,8.25,8.38,8.3,8.023333333
71762231050,Chandrika Paikra,Female,MSc,Software Systems,5.95,5.38,5.46,7.39,7.41,7.7,6.548333333
71762231051,Sanjana Agrawal,Female,MSc,Software Systems,7.38,8.25,7.1,6.059259993598291,8.18,8.1,7.802
71762231052,Tripti Lata Shorey,Female,MSc,Software Systems,6.4,6.31,5.682159765455696,7.43,7.77,7.8,7.142
71762231053,Sanjana Agrawal,Female,MSc,Software Systems,7.38,8.25,7.1,6.059259993598291,8.18,8.1,7.802
71762231054,Muskan Agrawal,Female,MSc,Software Systems,6.65,7.13,5.84,7.97,7.89,8.0,7.246666667
71762231055,Venketeshwar Sahu,Female,MSc,Software Systems,7.15,7.98,7.46,8.29,8.17,8.3,7.891666667
71762231056,Ashutosh Dubey,Male,MSc,Software Systems,5.92,5.57,5.58,7.22,7.5,7.6,6.565
71762231057,Muskan Agrawal,Female,MSc,Software Systems,6.65,7.13,5.84,0.0,0.0,8.0,4.603333333
71762231058,Tripti Lata Shorey,Female,MSc,Software Systems,6.4,6.31,5.682159765455696,7.43,7.77,0.0,5.582
71762231059,Deepika Mahendra,Female,MSc,Software Systems,7.15,7.61,6.55,8.15,8.08,8.0,7.59
71762231060,Vidya Raj,Female,MSc,Software Systems,5.96,5.87,5.49,7.44,7.66,7.5,6.653333333
71762232001,Rishabh Shrivastava,Female,MSc,Data Science,6.5,6.8,5.6,7.5,7.7,7.9,7.0
71762232002,Sanjana Agrawal,Female,MSc,Data Science,7.38,8.25,7.1,6.059259993598291,8.18,8.1,7.802
71762232003,Anupama Minj,Female,MSc,Data Science,7.22,7.46,6.73,8.09,8.2,8.2,7.65
71762232004,Avinash Vishwakarma,Male,MSc,Data Science,6.75,7.97,7.71,8.48,8.2,0.0,6.518333333
71762232005,Rishabh Shrivastava,Female,MSc,Data Science,6.5,6.8,5.6,7.5,7.7,7.9,7.0
71762232006,Kareena Dhore,Female,MSc,Data Science,6.42,6.0,6.41,7.85,7.83,8.0,7.085
71762232007,Ashutosh Dubey,Male,MSc,Data Science,5.92,5.57,5.58,7.22,7.5,7.6,6.565
71762232008,Shubhangi Deep,Female,MSc,Data Science,6.92,5.9,5.59,7.83,7.78,7.8,6.97
71762232009,Venketeshwar Sahu,Female,MSc,Data Science,7.15,7.98,7.46,8.29,8.17,8.3,7.891666667
71762232010,Muskan Agrawal,Female,MSc,Data Science,6.65,7.13,5.84,7.97,7.89,8.0,7.246666667
71762232011,Avinash Vishwakarma,Male,MSc,Data Science,6.75,7.97,7.71,8.48,0.0,8.2,6.518333333
71762232012,Venketeshwar Sahu,Female,MSc,Data Science,7.15,0.0,7.46,0.0,8.17,8.3,5.18
71762232013,Deepika Mahendra,Female,MSc,Data Science,0.0,7.61,6.55,8.15,8.08,8.0,6.398333333
71762232014,Roshani Sahu,Female,MSc,Data Science,6.75,7.43,6.08,7.97,8.09,8.0,7.386666667
71762232015,Manju ,Female,MSc,Data Science,8.08,7.83,7.75,8.18,8.1,8.3,8.04
71762232016,Venketeshwar Sahu,Female,MSc,Data Science,7.15,7.98,7.46,8.29,8.17,8.3,7.891666667
71762232017,Muskan Agrawal,Female,MSc,Data Science,6.65,7.13,5.84,7.97,7.89,8.0,7.246666667
71762232018,Anupama Minj,Female,MSc,Data Science,7.22,7.46,6.73,0.0,8.2,8.2,6.301666667
71762232019,Deepika Mahendra,Female,MSc,Data Science,7.15,7.61,6.55,8.15,8.08,8.0,7.59
71762232020,Manju ,Female,MSc,Data Science,8.08,7.83,7.75,8.18,8.1,8.3,8.04
71762232021,Venketeshwar Sahu,Female,MSc,Data Science,7.15,7.98,7.46,8.29,8.17,8.3,7.891666667
71762232022,Ashutosh Dubey,Male,MSc,Data Science,5.92,5.57,5.58,7.22,7.5,7.6,6.565
71762232023,Tej Narayan Sahu,Female,MSc,Data Science,7.25,8.13,7.06,8.33,8.17,8.2,7.856666667
71762232024,Rishabh Shrivastava,Female,MSc,Data Science,6.5,6.8,5.6,7.5,7.7,7.9,7.0
71762232025,Avinash Vishwakarma,Male,MSc,Data Science,6.75,7.97,7.71,8.48,8.2,8.2,7.885
71762232026,Ashutosh Dubey,Male,MSc,Data Science,5.92,5.57,5.58,7.22,7.5,7.6,6.565
71762232027,Avinash Vishwakarma,Male,MSc,Data Science,6.75,7.97,7.71,8.48,8.2,8.2,7.885
71762232028,Tej Narayan Sahu,Female,MSc,Data Science,7.25,8.13,7.06,8.33,8.17,8.2,7.856666667
71762232029,Chhamman Lal Sahu,Female,MSc,Data Science,7.06,8.07,7.55,8.21,8.14,8.4,7.905
71762232030,Muskan Agrawal,Female,MSc,Data Science,6.65,7.13,5.84,7.97,7.89,8.0,7.246666667
71762232031,Rishabh Shrivastava,Female,MSc,Data Science,6.5,6.8,5.6,7.5,7.7,7.9,7.0
71762232032,Chhamman Lal Sahu,Female,MSc,Data Science,7.06,8.07,7.55,8.21,8.14,8.4,7.905
71762232033,Tripti Lata Shorey,Female,MSc,Data Science,6.4,6.31,5.682159765455696,7.43,7.77,7.8,7.142
71762232034,Rishabh Shrivastava,Female,MSc,Data Science,6.5,6.8,5.6,7.5,7.7,7.9,7.0
71762232035,Chhamman Lal Sahu,Female,MSc,Data Science,7.06,8.07,7.55,8.21,8.14,8.4,7.905
71762232036,Unknown,Female,MSc,Data Science,6.820727273,7.591,6.672925101,7.808666667,7.906764706,8.109558824,7.484940429
71762232037,Unknown,Female,MSc,Data Science,6.837818182,7.718,6.669119433,7.790969697,7.901176471,8.113235294,7.50505318
71762232038,Unknown,Female,MSc,Data Science,6.854909091,7.845,6.665313765,7.773272727,7.895588235,8.116911765,7.52516593
71762232039,Unknown,Female,MSc,Data Science,0.0,7.972,6.661508097,7.755575758,7.89,8.120588235,6.399945348
71762232040,Unknown,Female,MSc,Data Science,6.889090909,5.947356235020922,3.4,7.737878788,7.884411765,8.124264706,6.807129234
71762232041,Student_1,Female,MSc,Data Science,8.052701572,8.657821236,8.89497694,3.364993599,9.464984157,8.461687118,7.816194104
71762232042,Student_2,Female,MSc,Data Science,1.014259764,3.098843874,3.289446868,1.382749593,5.337290101,7.099125809,3.536952668
71762232043,Student_3,Male,MSc,Data Science,3.894584359,1.715925204,3.995630372,8.914478862,2.122235941,7.409641271,4.675416001
71762232044,Student_4,Female,MSc,Data Science,6.600701633,9.463425817,7.4342452,3.918775505,2.333266509,6.414540275,6.02749249
71762232045,Student_5,Male,MSc,Data Science,6.180424329,3.891851467,2.561250318,2.192780631,1.096611158,5.720871802,3.607298284
71762232046,Student_6,Male,MSc,Data Science,1.493333223,8.452332615,0.381335981,2.455762113,9.402912408,9.382972598,5.26144149
71762232047,Student_7,Female,MSc,Data Science,3.618217723,5.589577096,4.559593661,1.109478124,5.710845178,2.219314302,3.801171014
71762232048,Student_8,Male,MSc,Data Science,8.727960766,2.023163999,2.412137681,0.619506815,6.208954184,1.243883421,3.539267811
71762232049,Student_9,Male,MSc,Data Science,6.120841282,6.04204106,9.007856236,4.626757295,2.493761353,9.86419607,6.359242216
71762232050,Student_10,Female,MSc,Data Science,5.483303664,8.004446806,5.839722791,0.380963846,0.514331168,2.362359565,3.764187973
71762232051,Student_11,Male,MSc,Data Science,4.134820231,7.953972607,9.250852504,3.878283956,7.052578525,8.438777539,6.784880894
71762232052,Student_12,Male,MSc,Data Science,9.81369842,1.561482837,0.499818971,2.057356064,8.148217445,2.928819575,4.168232219
71762232053,Student_13,Female,MSc,Data Science,6.022409828,1.137134574,6.569802885,7.219398814,4.318116326,1.571543634,4.473067677
71762232054,Student_14,Female,MSc,Data Science,6.337421392,1.262474341,4.490859549,7.905707306,1.466138957,1.984765126,3.907894445
71762232055,Student_15,Male,MSc,Data Science,9.339944562,8.182114394,5.101172685,3.044302907,0.320539248,0.206468489,4.365757048
71762232056,Student_16,Male,MSc,Data Science,8.750491106,9.203328301,6.859550316,6.014332005,2.544723073,7.827812738,6.866706257
71762232057,Student_17,Female,MSc,Data Science,9.636165663,2.54341602,9.513627856,1.973434238,0.039882583,5.205625,4.818691893
71762232058,Student_18,Male,MSc,Data Science,6.67244222,9.704348892,9.774143557,0.767514603,1.357320633,9.32703089,6.267133466
71762232059,Student_19,Male,MSc,Data Science,1.341328709,2.335559539,0.911316777,2.045449434,6.359746404,6.944751342,3.323025367
71762232060,Student_20,Male,MSc,Data Science,8.560692009,3.711450507,7.199570104,6.614645091,3.384858418,0.005328954,4.912757514
71762233001,Student_21,Female,MSc,Decision and Computing Sciences,2.112676332,0.395578042,9.655367496,2.844457349,7.71602418,3.616213674,4.390052846
71762233002,Student_22,Female,MSc,Decision and Computing Sciences,7.739449905,4.180532525,8.953389055,5.977475937,8.410553208,5.526322975,6.797953934
71762233003,Student_23,Male,MSc,Decision and Computing Sciences,8.773445477,6.358818432,8.782020107,9.775530605,7.799393134,3.161654184,7.441810323
71762233004,Student_24,Male,MSc,Decision and Computing Sciences,4.739348977,7.520634457,3.500754036,6.424904597,7.79428917,4.448764232,5.738115911
71762233005,Student_25,Male,MSc,Decision and Computing Sciences,3.326442703,6.604448972,7.164997006,1.43574094,7.317219528,1.275396994,4.520707691
71762233006,Student_26,Female,MSc,Decision and Computing Sciences,5.054648442,4.230038587,8.334515486,7.4874828,4.679022647,3.359702324,5.524235047
71762233007,Student_27,Female,MSc,Decision and Computing Sciences,5.004295019,9.17993341,3.083324064,6.266632036,0.474561603,3.603353131,4.602016544
71762233008,Student_28,Male,MSc,Decision and Computing Sciences,0.653919604,5.197145718,9.444991089,5.844815459,9.655183665,6.01278074,6.134806046
71762233009,Student_29,Female,MSc,Decision and Computing Sciences,3.339394148,6.880319542,1.766612028,5.244893283,9.754355472,1.642694664,4.77137819
71762233010,Student_30,Male,MSc,Decision and Computing Sciences,2.244725059,5.718344413,8.507317952,9.14469951,6.775360092,5.879588513,6.378339256
71762233011,Student_31,Female,MSc,Decision and Computing Sciences,6.989503981,7.145613097,0.589949048,0.715420806,9.204855351,4.687324002,4.888777714
71762233012,Student_32,Female,MSc,Decision and Computing Sciences,0.281107426,7.973019274,4.015164518,7.972705023,3.447804179,0.933164109,4.103827421
71762233013,Student_33,Male,MSc,Decision and Computing Sciences,3.117848902,5.334020742,6.489443773,5.977661742,3.014789903,8.567284758,5.416841637
71762233014,Student_34,Male,MSc,Decision and Computing Sciences,4.876032229,9.446935575,8.265965509,2.60275974,1.426344299,1.363080244,4.6635196
71762233015,Student_35,Female,MSc,Decision and Computing Sciences,0.987961792,7.298448621,0.489207802,0.412869408,1.020983284,4.400273549,2.43495741
71762233016,Student_36,Female,MSc,Decision and Computing Sciences,4.003125979,4.967682603,8.885085816,0.953795434,8.675393211,3.693273408,5.196392742
71762233017,Student_37,Male,MSc,Decision and Computing Sciences,4.203348447,6.153728834,8.850853401,4.900459538,7.519065811,5.314695895,6.157025321
71762233018,Student_38,Male,MSc,Decision and Computing Sciences,6.522072199,6.412645681,0.989034261,6.695395122,6.28812865,1.73530884,4.773764125
71762233019,Student_39,Female,MSc,Decision and Computing Sciences,2.018804183,1.965618889,7.106558458,3.554422224,6.878601435,9.624719883,5.191454179
71762233020,Student_40,Male,MSc,Decision and Computing Sciences,0.499139688,2.787948083,4.441348674,9.316545949,9.361042394,0.140774111,4.424466483
71762233021,Student_41,Female,MSc,Decision and Computing Sciences,0.092174871,1.598303118,6.919178409,7.869394392,2.124114961,7.471152695,4.345719741
71762233022,Student_42,Female,MSc,Decision and Computing Sciences,0.153042059,3.402575191,0.408703069,6.305206411,6.712217619,7.691664911,4.112234877
71762233023,Student_43,Female,MSc,Decision and Computing Sciences,3.736613667,8.238075316,6.435685305,9.556231611,2.964283108,4.261300082,5.865364848
71762233024,Student_44,Female,MSc,Decision and Computing Sciences,9.408601251,8.042880058,8.156496377,2.007882149,8.880737323,6.502517927,7.166519181
71762233025,Student_45,Male,MSc,Decision and Computing Sciences,0.728773112,0.36761171,7.252066241,5.647691728,8.586148232,1.930210177,4.085416867
71762233026,Student_46,Female,MSc,Decision and Computing Sciences,8.364928908,4.064513351,0.023930657,2.449768866,2.345735272,6.454415523,3.950548763
71762233027,Student_47,Female,MSc,Decision and Computing Sciences,8.117147024,3.767716195,4.149966251,9.227034217,4.637007864,4.826800957,5.787612085
71762233028,Student_48,Female,MSc,Decision and Computing Sciences,6.362246995,3.080684105,5.965412172,6.105175926,4.266395803,3.650627797,4.905090466
71762233029,Student_49,Female,MSc,Decision and Computing Sciences,4.060335649,6.023387973,8.915481678,8.923047298,0.225759362,3.917079686,5.344181941
71762233030,Student_50,Female,MSc,Decision and Computing Sciences,8.576909164,8.163604201,8.251756062,2.522598981,5.477337603,0.206818804,5.533170802
71762233031,Student_51,Male,MSc,Decision and Computing Sciences,1.954949893,6.95609256,6.117425838,7.410600308,1.336527067,1.871110691,4.27445106
71762233032,Student_52,Male,MSc,Decision and Computing Sciences,0.562261791,1.307675914,6.393456401,3.26047829,6.829471801,3.34420526,3.616258243
71762233033,Student_53,Female,MSc,Decision and Computing Sciences,3.644671166,1.557131708,6.997763906,5.304570844,9.695673982,2.923963056,5.020629111
71762233034,Student_54,Female,MSc,Decision and Computing Sciences,8.113282643,3.183917645,2.81675147,9.57955959,2.344548656,0.421562387,4.409937065
71762233035,Student_55,Female,MSc,Decision and Computing Sciences,3.962790087,5.426057383,7.793232455,0.191489935,1.890277759,9.205227282,4.744845817
71762233036,Student_56,Female,MSc,Decision and Computing Sciences,1.532043681,1.126163554,3.910942995,7.538092407,4.189017765,1.256804678,3.25884418
71762233037,Student_57,Male,MSc,Decision and Computing Sciences,0.119232916,4.681756349,3.30107723,5.467030766,7.746955692,2.726332428,4.00706423
71762233038,Student_58,Female,MSc,Decision and Computing Sciences,3.724810629,4.904770549,1.361983009,8.090154283,2.432288371,1.937669327,3.741946028
71762233039,Student_59,Female,MSc,Decision and Computing Sciences,6.553571543,0.664976905,5.351928753,8.863269944,3.472505449,2.789397044,4.615941606
71762233040,Student_60,Male,MSc,Decision and Computing Sciences,1.319338597,9.623658414,3.998631694,0.958641531,6.664479677,4.263011276,4.471293532
71762233041,Student_61,Female,MSc,Decision and Computing Sciences,7.61352118,5.642123423,7.475632692,9.472313144,0.834884205,9.665888966,6.784060602
71762233042,Student_62,Female,MSc,Decision and Computing Sciences,8.280566141,9.30957111,5.647213074,1.535903468,5.989536947,9.40418122,6.694495327
71762233043,Student_63,Male,MSc,Decision and Computing Sciences,2.979154915,0.307624186,9.238429548,7.939566568,1.256628725,9.794525373,5.252654886
71762233044,Student_64,Female,MSc,Decision and Computing Sciences,7.021944426,5.872963439,8.16433152,1.822699534,1.804037821,7.604731652,5.381784732
71762233045,Student_65,Male,MSc,Decision and Computing Sciences,2.63725131,2.453217211,2.602613375,7.49201317,0.811425909,9.284791323,4.21355205
71762233046,Student_66,Female,MSc,Decision and Computing Sciences,6.74714974,7.384977658,4.188572765,1.321766513,7.742680817,9.767639105,6.192131099
71762233047,Student_67,Female,MSc,Decision and Computing Sciences,0.596790692,4.751790373,5.518963486,6.038729153,5.413252166,6.966639937,4.881027634
71762233048,Student_68,Female,MSc,Decision and Computing Sciences,9.227874421,9.360576004,0.359203903,7.266896821,4.752560705,3.251419366,5.703088537
71762233049,Student_69,Male,MSc,Decision and Computing Sciences,7.297536818,1.839049975,8.976890073,3.134158194,7.905985017,7.314750269,6.078061724
71762233050,Student_70,Male,MSc,Decision and Computing Sciences,8.481818357,1.868003926,7.231721424,8.047044986,6.077343012,3.159363828,5.810882589
71762233051,Student_71,Male,MSc,Decision and Computing Sciences,1.835158169,6.293209455,5.92482245,4.110143388,8.324560367,2.442296264,4.821698349
71762233052,Student_72,Male,MSc,Decision and Computing Sciences,9.324910236,1.168981477,9.19936047,6.112428794,5.461717485,5.000247795,6.04460771
71762233053,Student_73,Female,MSc,Decision and Computing Sciences,9.543995029,4.062601362,2.93953025,6.99578273,4.679772897,8.610984146,6.138777736
71762233054,Student_74,Male,MSc,Decision and Computing Sciences,9.759411464,9.249471187,4.615888415,3.682184992,2.277645467,5.289942562,5.812424014
71762233055,Student_75,Male,MSc,Decision and Computing Sciences,4.613497086,4.914616328,1.405562702,4.077867271,7.854180652,2.884692586,4.291736104
71762233056,Student_76,Female,MSc,Decision and Computing Sciences,5.93814685,1.778983442,5.15304855,4.342552251,3.782646134,3.759033531,4.125735126
71762233057,Student_77,Male,MSc,Decision and Computing Sciences,7.248769397,9.885415766,3.001816704,8.803827182,5.096762737,8.267841644,7.050738905
71762233058,Student_78,Male,MSc,Decision and Computing Sciences,3.849371985,8.508282986,1.977676037,0.862605976,4.833101577,1.229423428,3.543410331
71762233059,Student_79,Female,MSc,Decision and Computing Sciences,9.890761175,6.880156606,8.695814905,8.945173807,9.314720357,3.491124054,7.86962515
71762233060,Student_80,Male,MSc,Decision and Computing Sciences,3.144156124,5.191804944,9.383676784,1.410966627,7.185312014,0.993983216,4.551649952
71762234001,Student_81,Female,MSc,Artificial Intelligence and Machine Learning,4.234398309,3.270406017,3.666524494,5.042453899,8.855707807,9.906673082,5.829360601
71762234002,Student_82,Male,MSc,Artificial Intelligence and Machine Learning,4.950802257,3.266049439,1.163043358,4.095620925,2.413255548,3.533851833,3.237103893
71762234003,Student_83,Male,MSc,Artificial Intelligence and Machine Learning,9.992308337,1.278359522,4.789109024,5.481937548,0.835233002,5.862121648,4.706511514
71762234004,Student_84,Male,MSc,Artificial Intelligence and Machine Learning,1.448344644,3.286039317,4.289682186,6.013980725,5.862640673,7.699279396,4.766661157
71762234005,Student_85,Male,MSc,Artificial Intelligence and Machine Learning,9.9144259,0.027909974,2.224709446,8.978940239,6.793493325,0.871408638,4.801814587
71762234006,Student_86,Female,MSc,Artificial Intelligence and Machine Learning,0.487494901,0.821286225,1.392912965,2.498725102,1.855714836,2.511203758,1.594556298
71762234007,Student_87,Female,MSc,Artificial Intelligence and Machine Learning,4.521728262,7.289986949,5.231998646,1.050450781,6.087881445,4.223626493,4.734278763
71762234008,Student_88,Female,MSc,Artificial Intelligence and Machine Learning,7.916893736,7.849933685,8.618497924,7.704156806,9.979505298,9.913766953,8.6637924
71762234009,Student_89,Female,MSc,Artificial Intelligence and Machine Learning,9.290971943,8.625944846,6.24359372,1.884142074,6.33462886,5.694292061,6.345595584
71762234010,Student_90,Female,MSc,Artificial Intelligence and Machine Learning,2.369090252,7.504748487,3.912050153,2.608380675,2.684521894,2.416225507,3.582502828
71762234011,Student_91,Female,MSc,Artificial Intelligence and Machine Learning,1.071843262,8.074295583,7.894937405,8.800241169,6.602064575,4.48762015,6.155167024
71762234012,Student_92,Female,MSc,Artificial Intelligence and Machine Learning,6.653431417,4.951461177,8.440558149,5.018154663,8.048421707,4.496832892,6.268143334
71762234013,Student_93,Male,MSc,Artificial Intelligence and Machine Learning,0.036878993,2.228546883,6.415381015,3.749812515,0.963527789,2.616721889,2.668478181
71762234014,Student_94,Female,MSc,Artificial Intelligence and Machine Learning,6.985822606,6.824738037,3.307526894,5.073410517,7.260160824,5.801888854,5.875591289
71762234015,Student_95,Female,MSc,Artificial Intelligence and Machine Learning,2.385377373,7.043176332,4.795885729,9.41076157,3.316417561,4.004606703,5.159370878
71762234016,Student_96,Female,MSc,Artificial Intelligence and Machine Learning,0.393217463,8.376829765,0.931926346,3.008952142,1.404902023,1.799677212,2.652584159
71762234017,Student_97,Male,MSc,Artificial Intelligence and Machine Learning,8.790950442,9.241710905,6.830800878,6.202973386,8.68117106,1.983776392,6.955230511
71762234018,Student_98,Female,MSc,Artificial Intelligence and Machine Learning,8.874197955,8.874475885,1.353406383,6.750578792,4.382140272,3.983634379,5.703072278
71762234019,Student_99,Male,MSc,Artificial Intelligence and Machine Learning,9.755129177,8.929660586,2.348273111,1.806244008,1.143526022,3.272263159,4.542516011
71762234020,Student_100,Female,MSc,Artificial Intelligence and Machine Learning,2.887724645,2.456142296,9.657707651,5.518063022,4.88954858,9.421505451,5.805115274
71762234021,Student_101,Male,MSc,Artificial Intelligence and Machine Learning,0.594973897,4.759304595,8.764891112,0.580813046,7.95803722,4.49486665,4.525481087
71762234022,Student_102,Male,MSc,Artificial Intelligence and Machine Learning,7.286137507,8.481240198,8.115364709,9.345515832,9.135368852,7.232694522,8.266053603
71762234023,Student_103,Male,MSc,Artificial Intelligence and Machine Learning,2.156752508,9.484851968,2.77435391,9.331072762,5.264827107,1.874238949,5.147682867
71762234024,Student_104,Male,MSc,Artificial Intelligence and Machine Learning,9.352322127,0.053410102,8.117588555,7.155917181,0.725074608,1.085196873,4.414918241
71762234025,Student_105,Male,MSc,Artificial Intelligence and Machine Learning,5.396058371,3.140641215,4.351503257,6.460706454,5.413089418,3.196302569,4.659716881
71762234026,Student_106,Male,MSc,Artificial Intelligence and Machine Learning,9.845742373,0.565801956,5.561400779,6.832309188,7.723342229,8.291585462,6.470030331
71762234027,Student_107,Male,MSc,Artificial Intelligence and Machine Learning,5.381380496,7.197689524,4.513748841,2.325322758,0.31827538,3.906810733,3.940537955
71762234028,Student_108,Male,MSc,Artificial Intelligence and Machine Learning,4.624048204,0.579158427,3.517854305,7.083789988,4.145420929,9.154609636,4.850813582
71762234029,Student_109,Female,MSc,Artificial Intelligence and Machine Learning,1.987627209,3.382326154,2.741014241,8.34781199,3.251545726,4.559153363,4.044913114
71762234030,Student_110,Male,MSc,Artificial Intelligence and Machine Learning,8.287518066,8.18147688,5.667079355,0.981688907,9.452533254,4.863462405,6.238959811
71762234031,Student_111,Female,MSc,Artificial Intelligence and Machine Learning,7.436184457,4.69992601,3.053222378,6.264646615,7.463517817,1.130812613,5.008051648
71762234032,Student_112,Female,MSc,Artificial Intelligence and Machine Learning,7.195996429,8.25519248,9.128299905,9.774056211,9.05755982,5.965933644,8.229506415
71762234033,Student_113,Female,MSc,Artificial Intelligence and Machine Learning,5.307170553,2.53214404,5.727862548,5.611820967,5.165035216,9.043915144,5.564658078
71762234034,Student_114,Female,MSc,Artificial Intelligence and Machine Learning,2.015239921,2.034452581,3.07497958,6.451632476,1.637250171,2.647333208,2.976814656
71762234035,Student_115,Female,MSc,Artificial Intelligence and Machine Learning,7.141540543,9.633610082,9.791804395,4.997382039,1.261840696,5.228780933,6.342493115
71762234036,Student_116,Female,MSc,Artificial Intelligence and Machine Learning,8.950782548,6.109420036,0.233107725,1.845505043,2.666805792,7.496849048,4.550411699
71762234037,Student_117,Male,MSc,Artificial Intelligence and Machine Learning,9.199099787,3.300118309,6.714860886,8.466023518,7.061187958,7.190191465,6.988580321
71762234038,Student_118,Male,MSc,Artificial Intelligence and Machine Learning,1.531620007,6.685202752,4.359598949,3.26730226,1.997134711,7.462490765,4.217224907
71762234039,Student_119,Female,MSc,Artificial Intelligence and Machine Learning,6.098085885,8.78607927,4.144466105,0.753137879,2.829479464,0.082376923,3.782270921
71762234040,Student_120,Male,MSc,Artificial Intelligence and Machine Learning,4.021386699,5.896249393,8.894400572,7.372428856,6.603985375,9.358406795,7.024476281
71762234041,Student_121,Female,MSc,Artificial Intelligence and Machine Learning,3.658723984,4.597059031,9.30664161,4.518623106,0.98088644,6.258373988,4.886718027
71762234042,Student_122,Male,MSc,Artificial Intelligence and Machine Learning,0.385866657,7.463530835,5.293822301,4.111880894,1.927806068,3.102329681,3.714206073
71762234043,Student_123,Male,MSc,Artificial Intelligence and Machine Learning,6.412916128,3.66170706,1.575703128,9.726392974,1.260546166,5.292227413,4.654915478
71762234044,Student_124,Female,MSc,Artificial Intelligence and Machine Learning,1.993359077,6.905282578,3.856818333,6.180762245,1.218963306,4.58424977,4.123239218
71762234045,Student_125,Male,MSc,Artificial Intelligence and Machine Learning,0.497233782,1.921802863,7.789275471,9.28148069,8.073436096,4.93592897,5.416526312
71762234046,Student_126,Male,MSc,Artificial Intelligence and Machine Learning,1.122938073,6.298034167,7.240891519,4.731239327,7.353006256,8.018741094,5.794141739
71762234047,Student_127,Male,MSc,Artificial Intelligence and Machine Learning,7.32670074,3.485971232,3.58259576,5.511317545,5.698610024,5.174454552,5.129941642
71762234048,Student_128,Male,MSc,Artificial Intelligence and Machine Learning,0.575244448,8.1963197,6.477279331,8.24984878,5.584961112,7.698578594,6.130371994
71762234049,Student_129,Female,MSc,Artificial Intelligence and Machine Learning,7.443137558,0.338885383,0.072852103,3.983940394,6.222382565,3.998151076,3.67655818
71762234050,Student_130,Male,MSc,Artificial Intelligence and Machine Learning,9.22649238,8.114479726,5.147949466,7.276363186,0.561307454,5.394485066,5.95351288
71762234051,Student_131,Male,MSc,Artificial Intelligence and Machine Learning,0.186714319,5.804199499,1.617729451,1.411316652,5.857749214,2.788678587,2.944397954
71762234052,Student_132,Male,MSc,Artificial Intelligence and Machine Learning,0.801511458,1.478088535,0.446402539,2.688832009,7.240507915,6.571791516,3.204522328
71762234053,Student_133,Male,MSc,Artificial Intelligence and Machine Learning,4.654702587,9.641567778,7.235388397,0.285268579,6.692379589,5.956608174,5.744319184
71762234054,Student_134,Male,MSc,Artificial Intelligence and Machine Learning,1.298719007,4.724957441,4.318932146,6.971260905,3.890056093,9.071197339,5.045853822
71762234055,Student_135,Female,MSc,Artificial Intelligence and Machine Learning,0.742602654,7.31033063,1.538199003,3.42752959,7.976426688,0.380142668,3.562538539
71762234056,Student_136,Male,MSc,Artificial Intelligence and Machine Learning,5.879329443,1.37141447,4.512302852,9.365783237,4.791049527,6.857499962,5.462896582
71762234057,Student_137,Male,MSc,Artificial Intelligence and Machine Learning,0.770289855,8.952641834,4.059637161,2.83432871,5.55934648,7.616966194,4.965535039
71762234058,Student_138,Male,MSc,Artificial Intelligence and Machine Learning,6.732782514,1.225716996,8.925147574,4.268820346,7.783068963,6.944998124,5.980089086
71762234059,Student_139,Male,MSc,Artificial Intelligence and Machine Learning,5.962224959,4.18608568,7.790497464,4.133032967,3.746962321,2.251234687,4.67833968
71762234060,Student_140,Male,MSc,Artificial Intelligence and Machine Learning,5.092159346,4.64292711,1.453554894,7.677705852,1.094637645,8.362388866,4.720562286
